{"iteration_0": 30394.684913635254, "iteration_3": 11059.680374145508, "iteration_6": 7696.492253303528, "iteration_9": 6523.888512611389, "iteration_12": 6418.313478946686}