{"iteration_0": 10.104615995224487, "iteration_3": 3.676755443532416, "iteration_6": 2.558674286337609, "iteration_9": 2.1688459150968713, "iteration_12": 2.1337478320966374}